,,,,,,,,,,,,,
,,,,,,,,,,,,,
,,,,,,,,,,,,,
,,,,,,,,,,,,,
,,,,,5419932.64,,,,,,,,
DATE,SALES,CASH,CHQ,adj,NET ,,OUTSTANDING,,DIFF,SALES RETURN,,,
01-04-2020,620726.00,325075.00,0.00,0.00,5715583.64,,5715583.64,,0.00,0,,,
02-04-2020,0.00,0.00,0.00,0.00,5715583.64,,5715583.64,,0.00,0,,,
03-04-2020,369067.00,239270.00,0.00,0.00,5845380.64,,5735613.64,,109767.00,0,,,5715583.64
04-04-2020,0.00,0.00,0.00,0.00,5845380.64,,5735613.64,,109767.00,0,,,369067.00
05-04-2020,114822.00,3205.00,0.00,0.00,5956997.64,,5847230.64,,109767.00,0,,,6084650.64
06-04-2020,77078.00,83150.00,0.00,0.00,5950925.64,,5827996.64,,122929.00,0,,,239270
07-04-2020,130444.00,74501.00,0.00,17408.00,5989460.64,,5917009.64,,72451.00,14953.38,,,5845380.64
08-04-2020,74522.00,336811.00,0.00,22388.00,5704783.64,,5677108.64,,27675.00,20496.52,,,
09-04-2020,1166776.00,412743.00,806068.00,0.00,5652748.64,,5808964.64,,-156216.00,0,,,
10-04-2020,312838.00,331663.00,0.00,0.00,5633923.64,,5790139.64,,-156216.00,0,,,
11-04-2020,0.00,0.00,0.00,0.00,5633923.64,,5790139.64,,-156216.00,0,,,
12-04-2020,-21401.00,153490.00,94929.00,21401.00,5342702.64,,5696651.64,,-353949.00,19719.65,,,
13-04-2020,824384.00,774551.00,0.00,0.00,5392535.64,,5554908.64,,-162373.00,0,,,
14-04-2020,674215.00,298954.00,0.00,55813.00,5711983.64,,5930169.64,,-218186.00,64416,,,
15-04-2020,491875.00,654989.00,0.00,0.00,5548869.64,,5800490.64,,-251621.00,0,,,
16-04-2020,204042.00,286154.00,0.00,0.00,5466757.64,,5766287.64,,-299530.00,0,,,
17-04-2020,285364.00,166410.00,1649589.00,0.00,3936122.64,,4329538.64,,-393416.00,0,,,
18-04-2020,244669.00,202128.00,707603.00,0.00,3271060.64,,3636558.64,,-365498.00,0,,,
19-04-2020,8053.00,69301.00,93629.00,0.00,3116183.64,,3553563.64,,-437380.00,0,,,
20-04-2020,89500.00,136734.00,290643.00,0.00,2778306.64,,3259885.64,,-481579.00,0,,,
21-04-2020,463629.00,252663.00,349032.00,0.00,2640240.64,,3130959.64,,-490719.00,0,,,
22-04-2020,2097575.00,81396.00,335442.00,0.00,4320977.64,,4546331.64,,-225354.00,0,,,
23-04-2020,1604045.00,416149.00,0.00,0.00,5508873.64,,5697320.64,,-188447.00,0,,,
24-04-2020,967545.00,550623.00,0.00,0.00,5925795.64,,6087161.64,,-161366.00,0,,,
25-04-2020,1342531.00,1247532.00,2447529.00,0.00,3573265.64,,3734194.64,,-160929.00,0,,,
26-04-2020,389599.00,109785.00,0.00,0.00,3853079.64,,4014008.64,,-160929.00,0,,,
27-04-2020,348251.00,346925.00,284364.00,0.00,3570041.64,,3987727.64,,-417686.00,0,,,
28-04-2020,881790.00,159175.00,1308779.00,0.00,2983877.64,,3101638.64,,-117761.00,0,,,
29-04-2020,1420426.00,648436.00,316079.00,0.00,3439788.64,,3620044.64,,-180256.00,887.52,,,
30-04-2020,329854.00,272360.00,615175.00,0.00,2882107.64,,3097035.64,,-214928.00,0,,,
01-05-2020,1457234.00,306734.00,24875.00,0.00,4007732.64,,4044462.64,,-36730.00,0,,,
02-05-2020,799569.00,645811.00,584963.00,0.00,3576527.64,,3725965.64,,-149438.00,0,,,
03-05-2020,0.00,0.00,0.00,0.00,3576527.64,,3725965.64,,-149438.00,0,,,
04-05-2020,225198.00,570985.00,0.00,0.00,3230740.64,,3419495.64,,-188755.00,2354.05,,,
05-05-2020,61265.00,46881.00,0.00,0.00,3245124.64,,3443011.64,,-197887.00,0,,,
06-05-2020,35207.00,146719.00,791263.00,0.00,2342349.64,,2786774.64,,-444425.00,0,,,
07-05-2020,167569.00,99766.00,1585183.00,0.00,824969.64,,1592285.64,,-767316.00,0,,,
08-05-2020,94327.00,510036.00,0.00,0.00,409260.64,,1301604.64,,-892344.00,0,,,
09-05-2020,787311.00,104129.00,0.00,0.00,1092442.64,,1820892.64,,-728450.00,0,,,
10-05-2020,11099.00,0.00,0.00,0.00,1103541.64,,1831991.64,,-728450.00,0,,,
11-05-2020,1605575.00,322467.00,0.00,0.00,2386649.64,,3025643.64,,-638994.00,0,,,
12-05-2020,383188.00,453362.00,276868.00,0.00,2039607.64,,2638684.64,,-599077.00,0,,,
13-05-2020,1921542.00,637959.00,0.00,0.00,3323190.64,,3758168.64,,-434978.00,0,,,
14-05-2020,335545.00,657831.00,0.00,0.00,3000904.64,,3399990.64,,-399086.00,0,,,
15-05-2020,1254777.00,611176.00,975859.00,3333.00,2665313.64,,2964806.64,,-299493.00,3795.57,,,
16-05-2020,234938.00,394445.00,0.00,0.00,2505806.64,,2876239.64,,-370433.00,0,,,
17-05-2020,0.00,0.00,0.00,0.00,2505806.64,,2876239.64,,-370433.00,0,,,
18-05-2020,334131.00,245943.00,0.00,0.00,2593994.64,,2969251.64,,-375257.00,0,,,
19-05-2020,139621.00,285845.00,1535453.00,0.00,912317.64,,1418004.64,,-505687.00,0,,,
20-05-2020,95076.00,141308.00,0.00,393.00,865692.64,,1393673.64,,-527981.00,332.65,,,
21-05-2020,1561337.00,361800.00,434065.00,0.00,1631164.64,,1740953.64,,-109789.00,1288.32,,,
22-05-2020,1572089.00,456704.00,0.00,34170.00,2712379.64,,2773659.64,,-61280.00,33347.85,,,
23-05-2020,1693723.00,586605.00,275761.00,388.00,3543348.64,,3322557.64,,220791.00,328.91,,,
24-05-2020,0.00,0.00,0.00,0.00,3543348.64,,3322557.64,,220791.00,0,,,
25-05-2020,389249.00,223354.00,0.00,0.00,3709243.64,,3495607.64,,213636.00,2444.18,,,
26-05-2020,1250943.00,162751.00,200000.00,0.00,4597435.64,,4020960.64,,576475.00,1290.24,,,
27-05-2020,1285899.00,420348.00,1066245.00,0.00,4396741.64,,3672610.64,,724131.00,770.42,,,
28-05-2020,2748672.00,407792.00,0.00,0.00,6737621.64,,5309016.64,,1428605.00,0,,,
29-05-2020,1798443.00,2483572.00,1245996.00,0.00,4806496.64,,4572739.64,,233757.00,1357.37,,,
30-05-2020,1505126.00,519587.00,1501196.00,0.00,4290839.64,,4146817.64,,144022.00,0,,,
31-05-2020,0.00,0.00,0.00,0.00,4290839.64,,4146817.64,,144022.00,0,,,
01-06-2020,476929.00,772860.00,789088.00,0.00,3205820.64,,3074353.64,,131467.00,0,,,
02-06-2020,815007.00,354516.00,0.00,0.00,3666311.64,,3488527.64,,177784.00,0,,,
03-06-2020,399810.00,404716.00,531885.00,0.00,3129520.64,,3310977.64,,-181457.00,1.36,,,
04-06-2020,469652.00,284386.00,842231.00,0.00,2472555.64,,3118302.64,,-645747.00,0,,,
05-06-2020,2523512.00,657326.00,1733281.00,0.00,2605460.64,,3105745.64,,-500285.00,0,,,
06-06-2020,600012.00,505830.00,100679.00,0.00,2598963.64,,3083945.64,,-484982.00,0,,,
07-06-2020,0.00,0.00,0.00,0.00,2598963.64,,3083945.64,,-484982.00,0,,,
08-06-2020,577791.00,369619.00,846078.00,0.00,1961057.64,,2524939.64,,-563882.00,0,,,
09-06-2020,2008171.00,285440.00,379473.00,0.00,3304315.64,,3711272.64,,-406957.00,0,,,
10-06-2020,1921556.00,302147.00,0.00,0.00,4923724.64,,4848270.64,,75454.00,0,,,
11-06-2020,211455.00,222049.00,900596.00,0.00,4012534.64,,4244884.64,,-232350.00,0,,,
12-06-2020,1665935.00,408139.00,312938.00,0.00,4957392.64,,5326633.64,,-369241.00,0,,,
13-06-2020,427079.00,690177.00,791418.00,0.00,3902876.64,,4344686.64,,-441810.00,0,,,
14-06-2020,0.00,0.00,0.00,0.00,3902876.64,,4344686.64,,-441810.00,0,,,
15-06-2020,1190816.00,554476.00,613818.00,190.00,3925208.64,,4147393.64,,-222185.00,2311.25,,,
16-06-2020,994734.00,546832.00,0.00,1079.52,4372031.12,,4614628.12,,-242597.00,0,,,
17-06-2020,634952.00,205126.86,1397423.00,728.14,3403705.12,,3595466.12,,-191761.00,850.54,,,
18-06-2020,640250.00,202469.05,1291086.00,1942.61,2548457.46,,2957948.46,,-409491.00,8667.13,,,
19-06-2020,1538816.00,117309.00,0.00,382.82,3969581.64,,3953433.64,,16148.00,0,,,
20-06-2020,467163.00,300.00,0.00,0.00,4436444.64,,4316975.64,,119469.00,0,,,
21-06-2020,0.00,570031.00,0.00,0.00,3866413.64,,3866394.64,,19.00,0,,,
22-06-2020,2978023.00,894866.00,0.00,0.00,5949570.64,,5624124.64,,325446.00,0,,,
23-06-2020,1865440.00,869609.00,1644205.00,0.00,5301196.64,,5317204.64,,-16008.00,0,,,
24-06-2020,812678.00,1285968.00,845964.00,1540.00,3980402.64,,4571810.64,,-591408.00,2878.95,,,
25-06-2020,393032.00,539145.00,1517899.00,0.00,2316390.64,,3032867.64,,-716477.00,0,,,
26-06-2020,548890.00,251557.00,306588.00,0.00,2307135.64,,2991157.64,,-684022.00,0,,,
27-06-2020,1317765.00,166282.00,349472.00,0.00,3109146.64,,3629218.64,,-520072.00,0,,,
28-06-2020,0.00,0.00,0.00,0.00,3109146.64,,3629218.64,,-520072.00,0,,,
29-06-2020,1766569.00,430779.00,309981.00,0.00,4134955.64,,4648469.64,,-513514.00,0,,,
30-06-2020,724662.00,751871.00,1050028.00,0.00,3057718.64,,3586141.64,,-528423.00,0,,,
01-07-2020,2738456.00,309236.00,0.00,8828.00,5478110.64,,5109777.64,,368333.00,7673.34,,,
02-07-2020,143624.00,649844.00,593086.00,0.00,4378804.64,,4142272.64,,236532.00,0,,,
03-07-2020,1909563.00,428048.00,728165.00,0.00,5132154.64,,4792441.64,,339713.00,0,,,
04-07-2020,913368.00,225042.00,622558.00,0.00,5197922.64,,4818278.64,,379644.00,0,,,
05-07-2020,0.00,0.00,0.00,0.00,5197922.64,,4818278.64,,379644.00,0,,,
06-07-2020,585356.00,168881.00,243454.00,0.00,5370943.64,,4965329.64,,405614.00,0,,,
07-07-2020,382092.00,497088.00,645058.00,0.00,4610889.64,,4293786.64,,317103.00,0,,,
08-07-2020,952226.00,293372.00,958577.00,0.00,4311166.64,,3818707.64,,492459.00,0,,,
09-07-2020,634858.00,352713.00,1264248.00,0.00,3329063.64,,3492601.64,,-163538.00,0,,,
10-07-2020,551084.00,133481.21,187785.00,3145.43,3555736.00,,3703949,,-148213.00,0,,,
11-07-2020,467371.00,238992.00,425638.00,0.00,3358477.00,,3346649,,11828.00,0,,,
12-07-2020,0.00,0.00,0.00,0.00,3358477.00,,3346649,,11828.00,0,,,
13-07-2020,461547.00,453977.00,228751.00,0.00,3137296.00,,3141480,,-4184.00,0,,,
14-07-2020,321912.00,184751.00,0.00,0.00,3274457.00,,3210158,,64299.00,0,,,
15-07-2020,420157.00,256263.00,413143.00,0.00,3025208.00,,2958137,,67071.00,0,,,
16-07-2020,417767.00,372031.00,288012.00,0.00,2782932.00,,2822484,,-39552.00,0,,,
17-07-2020,269141.00,92087.00,64812.00,0.00,2895174.00,,2935216,,-40042.00,0,,,
18-07-2020,182240.00,310939.00,200120.00,0.00,2566355.00,,2650147,,-83792.00,0,,,
19-07-2020,0.00,0.00,0.00,0.00,2566355.00,,2650147,,-83792.00,0,,,
20-07-2020,561772.00,544472.00,159368.00,0.00,2424287.00,,2562773,,-138486.00,0,,,
21-07-2020,1435367.00,306260.00,203777.00,0.00,3349617.00,,3304665,,44952.00,0,,,
22-07-2020,1009303.00,961919.00,0.00,0.00,3397001.00,,3261899,,135102.00,0,,,
23-07-2020,417482.00,190027.00,557418.00,0.00,3067038.00,,3020966,,46072.00,0,,,
24-07-2020,336142.00,273628.00,831568.00,0.00,2297984.00,,2959096,,-661112.00,0,,,
25-07-2020,644395.00,246227.00,82931.00,0.00,2613221.00,,3221406,,-608185.00,0,,,
26-07-2020,0.00,0.00,0.00,0.00,2613221.00,,3221406,,-608185.00,0,,,
27-07-2020,618509.00,233532.00,297168.00,0.00,2701030.00,,3313355,,-612325.00,0,,,
28-07-2020,378511.00,162854.00,0.00,0.00,2916687.00,,3508305,,-591618.00,0,,,
29-07-2020,1044861.00,245403.00,550107.00,0.00,3166038.00,,3762736,,-596698.00,0,,,
30-07-2020,531668.00,605321.00,418170.00,0.00,2674215.00,,3238574,,-564359.00,0,,,
31-07-2020,477951.00,236745.00,514357.00,0.00,2401064.00,,3071485,,-670421.00,0,,,
01-08-2020,194605.00,269883.00,0.00,0.00,2325786.00,,2988797,,-663011.00,0,,,
02-08-2020,0.00,0.00,0.00,0.00,2325786.00,,2988797,,-663011.00,0,,,
03-08-2020,362451.00,263587.00,206987.00,0.00,2217663.00,,2829012,,-611349.00,0,,,
04-08-2020,572248.00,335389.00,0.00,0.00,2454522.00,,3008530,,-554008.00,0,,,
05-08-2020,398076.00,151295.00,354130.00,0.00,2347173.00,,2849050,,-501877.00,0,,,
06-08-2020,616608.00,177765.00,78472.00,0.00,2707544.00,,3314881,,-607337.00,13752.06,,,
07-08-2020,851646.00,300331.00,75220.00,0.00,3183639.00,,3665053,,-481414.00,0,,,
08-08-2020,408068.00,803409.00,381157.00,0.00,2407141.00,,3192778,,-785637.00,0,,,
09-08-2020,0.00,0.00,0.00,0.00,2407141.00,,3192778,,-785637.00,0,,,
10-08-2020,1044732.00,226286.00,542905.00,0.00,2682682.00,,3442427,,-759745.00,0,,,
11-08-2020,368771.00,367088.00,0.00,0.00,2684365.00,,3372617,,-688252.00,0,,,
12-08-2020,816334.00,203605.00,337847.00,455.00,2958792.00,,3596193,,-637401.00,608.78,,,
13-08-2020,438564.00,286618.00,0.00,0.00,3110738.00,,3757400,,-646662.00,0,,,
14-08-2020,353111.00,171690.00,100713.00,0.00,3191446.00,,3855091,,-663645.00,0,,,
15-08-2020,599020.00,250176.00,489367.00,0.00,3050923.00,,3742976,,-692053.00,0,,,
16-08-2020,0.00,0.00,0.00,0.00,3050923.00,,3742976,,-692053.00,0,,,
17-08-2020,606364.00,418573.00,132395.00,0.00,3106319.00,,3740863,,-634544.00,0,,,
18-08-2020,296047.00,222106.00,432356.00,1174.00,2746730.00,,3474789,,-728059.00,0,,,
19-08-2020,312453.00,264012.00,0.00,0.00,2795171.00,,3519400,,-724229.00,0,,,
20-08-2020,1883298.00,116389.00,0.00,0.00,4562080.00,,5116684,,-554604.00,58851,,,
21-08-2020,1087590.00,976661.00,592074.00,0.00,4080935.00,,4695690,,-614755.00,0,,,
22-08-2020,1168939.00,885288.00,0.00,0.00,4364586.00,,4975727,,-611141.00,5207.57,,,
23-08-2020,0.00,0.00,0.00,0.00,4364586.00,,4975727,,-611141.00,0,,,
24-08-2020,574978.00,88071.00,0.00,0.00,4851493.00,,5304235,,-452742.00,0,,,
25-08-2020,432961.00,243327.00,250055.00,0.00,4791072.00,,5339210,,-548138.00,0,,,
26-08-2020,889420.00,438409.00,142978.00,0.00,5099105.00,,5612269,,-513164.00,0,,,
27-08-2020,662391.00,192506.00,198590.00,0.00,5370400.00,,5888531,,-518131.00,0,,,
28-08-2020,518729.00,255677.00,713201.00,0.00,4920251.00,,5407430,,-487179.00,0,,,
29-08-2020,636407.00,274286.00,0.00,17943.00,5264429.00,,5769624,,-505195.00,17224.41,,,
30-08-2020,0.00,0.00,0.00,0.00,5264429.00,,5769624,,-505195.00,0,,,
31-08-2020,1162971.00,202342.00,261839.00,0.00,5963219.00,,6460063,,-496844.00,0,,,
01-09-2020,342074.00,389917.00,0.00,0.00,5915376.00,,6351819,,-436443.00,1222.09,,,
02-09-2020,755120.00,291830.00,392546.00,0.00,5986120.00,,6544621,,-558501.00,0,,,
03-09-2020,790513.00,265229.00,0.00,0.00,6511404.00,,7024547,,-513143.00,0,,,
04-09-2020,761607.00,167873.00,685079.00,0.00,6420059.00,,6902036,,-481977.00,0,,,
05-09-2020,593832.00,401252.00,721903.00,0.00,5890736.00,,6458577,,-567841.00,1490.9,,,
06-09-2020,0.00,0.00,0.00,0.00,5890736.00,,6458577,,-567841.00,0,,,
07-09-2020,869692.00,247646.00,688732.00,1651.00,5822399.00,,6331336,,-508937.00,1474.56,,,
08-09-2020,574746.00,273093.00,0.00,0.00,6124052.00,,6631083,,-507031.00,0,,,
09-09-2020,1096379.00,314488.00,0.00,0.00,6905943.00,,7330978,,-425035.00,0,,,
10-09-2020,926458.00,354068.00,787179.00,0.00,6691154.00,,7145862,,-454708.00,0,,,
11-09-2020,508375.00,290877.00,168701.00,0.00,6739951.00,,7263317,,-523366.00,0,,,
12-09-2020,449812.00,307519.00,0.00,0.00,6882244.00,,7406561,,-524317.00,0,,,
13-09-2020,0.00,0.00,0.00,0.00,6882244.00,,7406561,,-524317.00,0,,,
14-09-2020,612277.00,264316.00,508237.00,0.00,6721968.00,,7215593,,-493625.00,0,,,
15-09-2020,552226.00,193268.00,0.00,0.00,7080926.00,,7507287,,-426361.00,1425.63,,,
16-09-2020,966631.00,317562.00,1205441.00,0.00,6524554.00,,7044518,,-519964.00,0,,,
17-09-2020,550299.00,335228.00,0.00,0.00,6739625.00,,7276309,,-536684.00,0,,,
18-09-2020,778371.00,286598.00,466368.00,0.00,6765030.00,,7410985,,-645955.00,0,,,
19-09-2020,1043065.00,250912.00,166830.00,0.00,7390353.00,,8042825,,-652472.00,0,,,
20-09-2020,0.00,0.00,0.00,0.00,7390353.00,,8042825,,-652472.00,0,,,
21-09-2020,1048930.00,256416.00,0.00,0.00,8182867.00,,8651411,,-468544.00,0,,,
22-09-2020,528050.00,252937.00,1086452.00,0.00,7371528.00,,7729418,,-357890.00,0,,,
23-09-2020,623309.00,585584.00,413106.00,2714.00,6993433.00,,7387949,,-394516.00,2390.84,,,
24-09-2020,570609.00,275430.00,91724.00,671.00,7196217.00,,7606982,,-410765.00,16090.8,,,
25-09-2020,444517.00,317465.00,586267.00,172.90,6736829.10,,7133583,,-396753.90,0,,,
26-09-2020,867905.00,160561.00,308599.00,0.00,7135574.10,,7616158,,-480583.90,0,,,
27-09-2020,0.00,0.00,0.00,0.00,7135574.10,,7616158,,-480583.90,0,,,
28-09-2020,445321.00,244871.00,0.00,0.00,7336024.10,,7768835,,-432810.90,0,,,
29-09-2020,362158.00,244127.00,227338.00,15314.00,7211403.10,,7503115,,-291711.90,14867.64,,,
30-09-2020,975196.00,243871.00,854603.00,0.00,7088125.10,,7501436,,-413310.90,164.32,,,
01-10-2020,741119.00,1257394.00,0.00,0.00,6571850.10,,6945203,,-373352.90,0,,,
02-10-2020,1221862.00,235408.00,442156.00,0.00,7116148.10,,7339323,,-223174.90,0,,,
03-10-2020,462419.00,272774.00,0.00,0.00,7305793.10,,7518802,,-213008.90,0,,,
04-10-2020,0.00,0.00,0.00,0.00,7305793.10,,7518802,,-213008.90,0,,,
05-10-2020,720283.00,241494.00,398965.00,0.00,7385617.10,,7514342,,-128724.90,0,,,
06-10-2020,591941.00,702090.00,846685.00,1223.00,6427560.10,,6588277,,-160716.90,1164.5,,,
07-10-2020,556243.00,432108.00,316477.00,0.00,6235218.10,,6496298,,-261079.90,0,,,
08-10-2020,714148.00,299245.00,0.00,0.00,6650121.10,,6911766,,-261644.90,0,,,
09-10-2020,398952.00,240933.00,356785.00,0.00,6451355.10,,6777279,,-325923.90,0,,,
10-10-2020,408829.00,277446.00,482173.00,0.00,6100565.10,,6449698,,-349132.90,0,,,
11-10-2020,0.00,0.00,0.00,0.00,6100565.10,,6449698,,-349132.90,0,,,
12-10-2020,627239.00,259724.00,0.00,0.00,6468080.10,,6723185,,-255104.90,0,,,
13-10-2020,274752.00,235697.00,720561.00,0.00,5786574.10,,6124022,,-337447.90,0,,,
14-10-2020,716148.00,292186.00,325971.00,0.00,5884565.10,,6207412,,-322846.90,0,,,
15-10-2020,495576.00,310397.00,240860.00,0.00,5828884.10,,6179062,,-350177.90,0,,,
16-10-2020,403374.00,262365.00,317703.00,0.00,5652190.10,,6105880,,-453689.90,0,,,
17-10-2020,597408.00,154999.00,522417.00,0.00,5572182.10,,6031289,,-459106.90,10785.46,,,
18-10-2020,0.00,0.00,0.00,0.00,5572182.10,,6031289,,-459106.90,0,,,
19-10-2020,950826.00,291858.10,286129.00,0.00,5945021.00,,6379079,,-434058.00,0,,,
20-10-2020,1182098.00,200910.00,309326.00,570.00,6616313.00,,6944125,,-327812.00,6368.59,,,
21-10-2020,315752.00,898713.00,487322.00,0.00,5546030.00,,5953131,,-407101.00,0,,,
22-10-2020,729772.00,739067.00,292656.00,0.00,5244079.00,,5641571,,-397492.00,0,,,
23-10-2020,483029.00,156867.00,559696.00,0.00,5010545.00,,5397641,,-387096.00,235.4,,,
24-10-2020,365837.00,161911.00,218685.00,0.00,4995786.00,,5510942,,-515156.00,0,,,
25-10-2020,0.00,0.00,0.00,0.00,4995786.00,,5510942,,-515156.00,0,,,
26-10-2020,607242.00,168109.00,0.00,0.00,5434919.00,,5886358,,-451439.00,0,,,
27-10-2020,280790.00,178689.00,146611.00,0.00,5390409.00,,5803512,,-413103.00,0,,,
28-10-2020,380151.00,307366.00,232387.00,0.00,5230807.00,,5597330,,-366523.00,0,,,
29-10-2020,560007.00,247716.00,419620.00,0.00,5123478.00,,5490738,,-367260.00,0,,,
30-10-2020,406362.00,162935.00,872893.00,0.00,4494012.00,,4958452,,-464440.00,0,,,
31-10-2020,369323.00,242359.00,403952.00,0.00,4217024.00,,4709721,,-492697.00,0,,,
01-11-2020,13288.00,0.00,0.00,0.00,4230312.00,,4723009,,-492697.00,0,,,
02-11-2020,909281.00,312775.00,0.00,0.00,4826818.00,,5357541,,-530723.00,0,,,
03-11-2020,266754.00,218518.00,1014210.00,0.00,3860844.00,,4536765,,-675921.00,0,,,
04-11-2020,937517.00,339258.00,356502.00,0.00,4102601.00,,4886299,,-783698.00,0,,,
05-11-2020,1122860.00,276442.00,81849.00,0.00,4867170.00,,5406709,,-539539.00,0,,,
06-11-2020,653259.00,279513.00,275896.00,0.00,4965020.00,,5514815,,-549795.00,0,,,
07-11-2020,922422.00,241980.00,88872.00,0.00,5556590.00,,6115815,,-559225.00,0,,,
08-11-2020,37727.00,0.00,0.00,0.00,5594317.00,,6153542,,-559225.00,0,,,
09-11-2020,648205.00,262500.00,674403.00,0.00,5305619.00,,5815164,,-509545.00,0,,,
10-11-2020,974464.00,188407.00,106609.00,0.00,5985067.00,,6147303,,-162236.00,0,,,
11-11-2020,495014.00,417202.00,179176.00,0.00,5883703.00,,6088178,,-204475.00,0,,,
12-11-2020,776582.00,834479.00,156105.00,0.00,5669701.00,,6181534,,-511833.00,0,,,
13-11-2020,283029.00,218688.00,71710.00,0.00,5662332.00,,6188870,,-526538.00,0,,,
14-11-2020,20809.00,0.00,0.00,0.00,5683141.00,,6209679,,-526538.00,0,,,
15-11-2020,0.00,0.00,0.00,0.00,5683141.00,,6209679,,-526538.00,0,,,
16-11-2020,439727.00,416666.00,0.00,0.00,5706202.00,,6194583,,-488381.00,0,,,
17-11-2020,526010.00,184808.00,1128324.00,0.00,4919080.00,,5449765,,-530685.00,0,,,
18-11-2020,591667.00,206089.00,224788.00,0.00,5079870.00,,5605646,,-525776.00,0,,,
19-11-2020,387670.00,241544.00,0.00,0.00,5225996.00,,5758357,,-532361.00,0,,,
20-11-2020,954338.00,231915.00,590939.00,0.00,5357480.00,,5819455,,-461975.00,0,,,
21-11-2020,796893.00,387165.00,212005.00,0.00,5555203.00,,6037968,,-482765.00,0,,,
22-11-2020,16909.00,0.00,0.00,0.00,5572112.00,,6054877,,-482765.00,0,,,
23-11-2020,744252.00,318820.00,312191.00,0.00,5685353.00,,6228845,,-543492.00,235.4,,,
24-11-2020,468533.00,555127.00,151008.00,835.00,5446916.00,,5982219,,-535303.00,1230.52,,,
25-11-2020,933565.00,293280.00,225998.00,0.00,5861203.00,,6455940,,-594737.00,1310.4,,,
26-11-2020,264332.00,607699.00,0.00,0.00,5517836.00,,6141500,,-623664.00,0,,,
27-11-2020,555623.00,201319.00,34816.00,0.00,5837324.00,,6486057,,-648733.00,0,,,
28-11-2020,406285.00,338041.00,1035346.00,0.00,4870222.00,,5522918,,-652696.00,0,,,
29-11-2020,0.00,0.00,0.00,0.00,4870222.00,,5522918,,-652696.00,0,,,
30-11-2020,1264837.00,165024.00,307825.00,0.00,5662210.00,,6334810,,-672600.00,0,,,
01-12-2020,494764.00,341943.00,0.00,0.00,5815031.00,,6546211,,-731180.00,0,,,
02-12-2020,739306.00,254417.00,370829.00,0.00,5929091.00,,6818222,,-889131.00,0,,,
03-12-2020,338041.00,224303.00,0.00,0.00,6042829.00,,6932872,,-890043.00,0,,,
04-12-2020,496161.00,221722.00,345021.00,0.00,5972247.00,,6867084,,-894837.00,3231,,,
05-12-2020,473489.00,262650.00,181118.00,0.00,6001968.00,,7007510,,-1005542.00,0,,,
06-12-2020,86644.00,0.00,0.00,0.00,6088612.00,,7094154,,-1005542.00,0,,,
07-12-2020,921851.00,200005.00,0.00,0.00,6810458.00,,7817137,,-1006679.00,963.79,,,
08-12-2020,412047.00,247202.00,591740.00,0.00,6383563.00,,7424108,,-1040545.00,3951.1,,,
09-12-2020,698742.00,217552.00,463109.00,0.00,6401644.00,,7513946,,-1112302.00,0,,,
10-12-2020,394533.00,433741.00,335369.00,0.00,6027067.00,,7240394,,-1213327.00,284.28,,,
11-12-2020,752060.00,217267.00,238106.00,87.00,6323667.00,,7541418,,-1217751.00,0,,,
12-12-2020,491531.00,482923.00,133503.00,0.00,6198772.00,,7429346,,-1230574.00,0,,,
13-12-2020,0.00,0.00,0.00,0.00,6198772.00,,7429346,,-1230574.00,0,,,
14-12-2020,515399.00,369958.00,0.00,4637.00,6339576.00,,7570150,,-1230574.00,0,,,
15-12-2020,576556.00,235402.00,0.00,0.00,6680730.00,,7915288,,-1234558.00,0,,,
16-12-2020,1059684.00,204411.00,1177516.00,0.00,6358487.00,,7592453,,-1233966.00,0,,,
17-12-2020,569283.00,0.00,0.00,0.00,6927770.00,,8161736,,-1233966.00,0,,,
18-12-2020,751892.00,487698.00,627243.00,0.00,6564721.00,,7798687,,-1233966.00,0,,,
19-12-2020,924102.00,314409.00,399861.00,0.00,6774553.00,,8011589,,-1237036.00,0,,,
20-12-2020,280928.00,0.00,0.00,0.00,7055481.00,,8292517,,-1237036.00,0,,,
21-12-2020,729457.00,280295.00,0.00,0.00,7504643.00,,8741679,,-1237036.00,0,,,
22-12-2020,548775.00,191206.00,453358.00,0.00,7408854.00,,8648642,,-1239788.00,572.04,,,
23-12-2020,577725.00,180832.00,620557.00,0.00,7185190.00,,8425570,,-1240380.00,0,,,
24-12-2020,516209.00,211348.00,0.00,0.00,7490051.00,,8730431,,-1240380.00,0,,,
25-12-2020,584305.00,152310.00,138207.00,0.00,7783839.00,,9024219,,-1240380.00,0,,,
26-12-2020,582139.00,388410.00,0.00,0.00,7977568.00,,9217948,,-1240380.00,0,,,
27-12-2020,5010.00,0.00,0.00,0.00,7982578.00,,9222958,,-1240380.00,0,,,
28-12-2020,616259.00,312122.00,0.00,0.00,8286715.00,,9527095,,-1240380.00,0,,,
29-12-2020,167158.00,182880.00,338000.00,0.00,7932993.00,,9190563,,-1257570.00,0,,,
30-12-2020,467039.00,1442996.00,1012291.00,0.00,5944745.00,,7202920,,-1258175.00,0,,,
31-12-2020,322280.00,229858.00,660775.00,0.00,5376392.00,,6634567,,-1258175.00,0,,,
01-01-2021,440444.00,188949.00,0.00,0.00,5627887.00,,6886062,,-1258175.00,0,,,
02-01-2021,599855.00,255576.00,236064.00,0.00,5736102.00,,6994277,,-1258175.00,0,,,
03-01-2021,0.00,0.00,0.00,0.00,5736102.00,,6994277,,-1258175.00,0,,,
04-01-2021,398346.00,182728.00,0.00,0.00,5951720.00,,7212815,,-1261095.00,2577.08,,,
05-01-2021,338573.00,278470.00,59242.00,0.00,5952581.00,,7213676,,-1261095.00,0,,,
06-01-2021,686752.00,184032.00,0.00,0.00,6455301.00,,7716396,,-1261095.00,0,,,
07-01-2021,470134.00,249736.00,730832.00,0.00,5944867.00,,7205962,,-1261095.00,0,,,
08-01-2021,783463.00,286572.00,545196.00,0.00,5896562.00,,7157657,,-1261095.00,0,,,
09-01-2021,663994.00,563275.00,170762.00,0.00,5826519.00,,7087614,,-1261095.00,0,,,
10-01-2021,0.00,0.00,0.00,0.00,5826519.00,,7087614,,-1261095.00,0,,,
11-01-2021,324568.00,191649.00,0.00,0.00,5959438.00,,7220533,,-1261095.00,0,,,
12-01-2021,768544.00,234025.00,204518.00,0.00,6289439.00,,7550534,,-1261095.00,0,,,
13-01-2021,405249.00,248465.00,890451.00,0.00,5555772.00,,6816867,,-1261095.00,0,,,
14-01-2021,0.00,0.00,0.00,0.00,5555772.00,,6816867,,-1261095.00,0,,,
15-01-2021,0.00,0.00,0.00,0.00,5555772.00,,6816867,,-1261095.00,0,,,
16-01-2021,239268.00,0.00,0.00,0.00,5795040.00,,7056135,,-1261095.00,0,,,
17-01-2021,48604.00,0.00,0.00,0.00,5843644.00,,7104739,,-1261095.00,0,,,
18-01-2021,420590.00,441638.00,0.00,0.00,5822596.00,,7083691,,-1261095.00,0,,,
19-01-2021,993870.00,190887.00,1052933.00,0.00,5572646.00,,6834642,,-1261996.00,650.99,,,
20-01-2021,1774775.00,232801.00,0.00,0.00,7114620.00,,8378257,,-1263637.00,1579.92,,,
21-01-2021,531448.00,396751.00,0.00,0.00,7249317.00,,8512954,,-1263637.00,0,,,
22-01-2021,873761.00,255046.00,561613.00,2920.00,7303499.00,,8567136,,-1263637.00,0,,,
23-01-2021,359265.00,230385.00,158819.00,768.00,7272792.00,,8536429,,-1263637.00,0,,,
24-01-2021,0.00,0.00,0.00,0.00,7272792.00,,8536429,,-1263637.00,0,,,
25-01-2021,282724.00,287056.00,0.00,0.00,7268460.00,,8532097,,-1263637.00,0,,,
26-01-2021,697963.00,182445.00,324124.00,1660.00,7458194.00,,8723491,,-1265297.00,1424.28,,,
27-01-2021,532142.00,213499.00,0.00,0.00,7776837.00,,9042134,,-1265297.00,0,,,
28-01-2021,465890.00,201261.00,399858.00,0.00,7641608.00,,8906905,,-1265297.00,0,,,
29-01-2021,457332.00,218148.00,0.00,0.00,7880792.00,,9146089,,-1265297.00,0,,,
30-01-2021,466050.00,324108.00,849710.00,0.00,7173024.00,,8438321,,-1265297.00,0,,,
31-01-2021,0.00,0.00,0.00,0.00,7173024.00,,8438321,,-1265297.00,0,,,
01-02-2021,576456.00,202694.00,0.00,0.00,7546786.00,,8812083,,-1265297.00,0,,,
02-02-2021,807489.00,308534.00,493408.00,0.00,7552333.00,,8817630,,-1265297.00,0,,,
03-02-2021,508892.00,330180.00,631215.00,0.00,7099830.00,,8365127,,-1265297.00,0,,,
04-02-2021,810214.00,874712.00,318527.00,0.00,6716805.00,,7987145,,-1270340.00,4301.64,,,
05-02-2021,487558.00,224570.00,161373.00,2702.00,6815718.00,,8086058,,-1270340.00,0,,,
06-02-2021,507194.00,375950.00,93621.00,3228.00,6850113.00,,8121739,,-1271626.00,985.11,,,
07-02-2021,0.00,0.00,0.00,0.00,6850113.00,,8121739,,-1271626.00,0,,,
08-02-2021,442877.00,291901.00,14000.00,1729.00,6985360.00,,8256986,,-1271626.00,0,,,
09-02-2021,576217.00,166507.00,947832.00,0.00,6447238.00,,7718997,,-1271759.00,0,,,
10-02-2021,689057.00,662141.00,485663.00,0.00,5988491.00,,7260250,,-1271759.00,0,,,
11-02-2021,384408.00,265727.00,102143.00,0.00,6005029.00,,7276788,,-1271759.00,0,,,
12-02-2021,708918.00,262467.00,87664.00,267.00,6363549.00,,7635575,,-1272026.00,225.85,,,
13-02-2021,453887.00,183046.00,0.00,0.00,6634390.00,,7906416,,-1272026.00,0,,,
14-02-2021,0.00,0.00,0.00,0.00,6634390.00,,7906416,,-1272026.00,0,,,
15-02-2021,646947.00,298764.00,0.00,0.00,6982573.00,,8254599,,-1272026.00,0,,,
16-02-2021,600074.00,209461.00,452459.00,0.00,6920727.00,,8192753,,-1272026.00,0,,,
17-02-2021,646095.00,228117.00,551878.00,0.00,6786827.00,,8058853,,-1272026.00,0,,,
18-02-2021,1111751.00,292381.00,390632.00,0.00,7215565.00,,8487591,,-1272026.00,0,,,
19-02-2021,1013774.00,401071.00,576110.00,0.00,7252158.00,,8524184,,-1272026.00,0,,,
20-02-2021,801919.00,448948.00,582668.00,1303.00,7021158.00,,8293184,,-1272026.00,0,,,
21-02-2021,0.00,0.00,0.00,0.00,7021158.00,,8293184,,-1272026.00,0,,,
22-02-2021,771310.00,279873.00,179176.00,1155.00,7332264.00,,8605445,,-1273181.00,1048.74,,,
23-02-2021,790710.00,295497.00,188544.00,0.00,7638933.00,,8912114,,-1273181.00,0,,,
24-02-2021,334506.00,170273.00,200347.00,0.00,7602819.00,,8876000,,-1273181.00,0,,,
25-02-2021,501577.00,332977.00,172401.00,0.00,7599018.00,,8872199,,-1273181.00,0,,,
26-02-2021,647722.00,199850.00,307728.00,0.00,7739162.00,,9012343,,-1273181.00,0,,,
27-02-2021,347766.00,558600.00,877143.00,0.00,6651185.00,,7924366,,-1273181.00,0,,,
28-02-2021,-503.00,0.00,0.00,0.00,6650682.00,,7924408,,-1273726.00,462.25,,,
01-03-2021,722606.00,193979.00,0.00,0.00,7179309.00,,8453035,,-1273726.00,0,,,
02-03-2021,383485.00,176866.00,0.00,0.00,7385928.00,,8659654,,-1273726.00,0,,,
03-03-2021,363011.00,185119.00,1166489.00,0.00,6397331.00,,7671057,,-1273726.00,0,,,
04-03-2021,656381.00,251292.00,370994.00,0.00,6431426.00,,7705153,,-1273727.00,0,,,
05-03-2021,764396.00,192532.00,0.00,0.00,7003290.00,,8277017,,-1273727.00,0,,,
06-03-2021,578816.00,438614.00,352537.00,738.00,6790217.00,,8064714,,-1274497.00,733.81,,,
07-03-2021,0.00,0.00,0.00,0.00,6790217.00,,8064714,,-1274497.00,0,,,
08-03-2021,455194.00,291301.00,0.00,0.00,6954110.00,,8228607,,-1274497.00,0,,,
09-03-2021,437225.00,225835.00,262752.00,6375.28,6896372.72,,8170869.72,,-1274497.00,0,,,
10-03-2021,834181.00,286770.00,0.00,1104.95,7442678.77,,8717175.77,,-1274497.00,0,,,
11-03-2021,428500.00,252540.00,666269.00,0.00,6952369.77,,8226866.77,,-1274497.00,0,,,
12-03-2021,538830.00,265150.00,485671.00,0.00,6740378.77,,8014875.77,,-1274497.00,0,,,
13-03-2021,679201.00,407948.00,0.00,1360.32,7010271.45,,8285756.45,,-1275485.00,876.29,,,
14-03-2021,0.00,0.00,0.00,0.00,7010271.45,,8285756.45,,-1275485.00,0,,,
15-03-2021,828040.00,256999.45,179246.00,330.00,7401736.00,,8677221,,-1275485.00,0,,,
16-03-2021,1092602.00,229850.00,0.00,0.00,8264488.00,,9539973,,-1275485.00,0,,,
17-03-2021,896609.00,276377.00,0.00,0.00,8884720.00,,10160205,,-1275485.00,0,,,
18-03-2021,683689.00,204497.00,0.00,0.00,9363912.00,,10646766,,-1282854.00,6335.16,,,
19-03-2021,818355.00,197270.00,1161330.00,0.00,8823667.00,,10106521,,-1282854.00,0,,,
20-03-2021,1275801.00,418371.00,171290.00,0.00,9509807.00,,10792661,,-1282854.00,0,,,
21-03-2021,0.00,0.00,0.00,0.00,9509807.00,,10792661,,-1282854.00,0,,,
22-03-2021,850177.00,443252.00,124896.00,0.00,9791836.00,,11074690,,-1282854.00,0,,,
23-03-2021,366936.00,323603.00,529141.00,0.00,9306028.00,,10588882,,-1282854.00,0,,,
24-03-2021,744909.00,201268.00,788178.00,0.00,9061491.00,,10344345,,-1282854.00,0,,,
25-03-2021,1239618.00,350113.00,172251.00,0.00,9778745.00,,11061599,,-1282854.00,0,,,
26-03-2021,579116.00,260660.00,596280.00,0.00,9500921.00,,10783775,,-1282854.00,0,,,
27-03-2021,582574.00,404687.00,96501.00,0.00,9582307.00,,10865161,,-1282854.00,0,,,
28-03-2021,0.00,0.00,0.00,0.00,9582307.00,,10865161,,-1282854.00,0,,,
29-03-2021,515970.00,265305.00,0.00,0.00,9832972.00,,11115826,,-1282854.00,0,,,
30-03-2021,288055.00,204069.00,804072.00,0.00,9112886.00,,10396548,,-1283662.00,706.23,,,
31-03-2021,572770.00,355084.00,814219.00,0.00,8516353.00,,9800015,,-1283662.00,0,,,
01-04-2021,656835.00,225908.00,0.00,0.00,8947280.00,,10230942,,-1283662.00,0,,,
